label,size,avg_dynm_init_ns,avg_dynm_exec_ns,avg_symb_init_ns,avg_symb_exec_ns,avg_inst_exec_ns,cv_dynm_init,cv_dynm_exec,cv_symb_init,cv_symb_exec,cv_inst_exec
conv,64,12406954,157480646,24650023,2965879,665,0.07507110738339622,0.06126228230975251,0.23317229822470104,0.10845633858381058,0.17964747079264357
conv,128,12566603,573413442,23584269,3263612,765,0.1320249508983345,0.017614954716170243,0.0036015573772677544,0.27534820110962305,0.008890107904511162
conv,256,12610011,2524161670,26475288,3613368,1071,0.05386628403134625,0.10179218687512152,0.21932719040212126,0.2895608210893679,0.3388652588057628
conv,512,13207955,10254375474,25295970,2944501,1620,0.02505301563207913,0.068592535725545,0.18368572869109137,0.11853836979148266,0.5219211946478515
conv,1024,14154435,40068097385,22205725,2761940,1170,0.02829980518398915,0.018329083768810664,0.1712300908863568,0.002362129576384574,0.21713943935613148
conv,2048,13514263,158260001595,22653551,2993274,1282,0.1209964865518369,0.017588728865854074,0.044806205823229,0.0576784914215095,0.22664839791516508
conv,4096,37597729,614760207272,21688517,2804842,1110,0.378232695037724,0.00012683689504741952,0.01027050350152282,0.015406999749930666,0.3573975007940687
conv,8192,61466170,2460594700893,24409763,2767330,1563,0.14890626294786174,0.00037754663691762523,0.10854852527894658,0.004730716541252754,0.5459001418492629
matmul,64,13795463,338158,8620433,532308,32,0.32330172825668296,0.07165025386251549,0.010678621149161075,0.06704998381568675,0.017673987832335484
matmul,128,15389276,3295188,8066936,664622,35,0.44225542947790575,0.18278929299220803,0.1531587552839635,0.2738609828046209,0.03237478144988556
matmul,256,12425452,25544642,9235130,849407,35,0.0353800912925833,0.034928893203018244,0.24682277591942703,0.3087706487350446,0.06474956289977112
matmul,512,11410073,190156926,8829500,524748,32,0.017623629539676233,0.1092321965921811,0.17109227221833426,0.08687265161176438,0.017856193892462652
matmul,1024,13603994,3126985955,7352216,611103,32,0.20742831776292492,0.014657863757300006,0.13478389022555906,0.1669257057387868,0.2893356505868944
matmul,2048,12214538,21751856096,6963177,641718,29,0.005254471176511956,0.02299160524687685,0.07182320013276686,0.21674815505490733,0.19975449808235168
matmul,4096,12501826,879362067389,9189589,611803,30,0.02251152861009239,0.014068490197874303,0.11831153450469167,0.28329550149121885,0.1795946917593294
concat,64,12462164,3997,6511940,594717,25,0.15600030067352832,0.016564617717610988,0.08200268876091762,0.24908707322702597,0.08
concat,128,19560682,13288,6699667,601974,24,0.2082826956338311,0.06712306853356709,0.10272530781651755,0.4459526681815656,0.13210480494510898
concat,256,18959952,46303,6737983,420160,26,0.24467547573916174,0.4172546420950521,0.10989203957547104,0.2023768641348882,0.1948709407384893
concat,512,18847406,103152,8184943,538134,29,0.06461635144178465,0.002266527820920258,0.2649484085286601,0.6776701062824406,0.18564844541413827
concat,1024,12368024,577503,9944121,335219,26,0.040314899962519274,0.09822366106244662,0.5404459396806844,0.012618041623262048,0.1948709407384893
concat,2048,11993994,3605941,7097926,325990,22,0.03561189490413097,0.002122362885685587,0.0940751943223836,0.14715972007332892,0.07872958216222169
concat,4096,12116376,15118087,7815712,332762,27,0.035577492253469484,0.0020290493429635423,0.2491088042977314,0.030231087397069215,0.4576727689933151
concat,8192,12833314,62849668,6431388,395271,21,0.09104497287693802,0.009017365353293607,0.028096584054288862,0.3533824234962551,0.16208698081311904
gather,64,14440511,6894,7159483,330523,23,0.23201490375199055,0.613112823982843,0.33867775286832696,0.2670235297377237,0.0
gather,128,18295594,8310,7637683,306645,27,0.3000490157830887,0.3202592936471609,0.2798669018897153,0.2111848719920054,0.4920621170280033
gather,256,14425858,19642,7049794,427484,22,0.25489211995735556,0.3525821439319117,0.19061366808698518,0.3292055888054521,0.0
gather,512,17912707,49642,7694683,306253,25,0.005061965653725746,0.02726242741949918,0.4332766921047939,0.28777113777190155,0.2145806706734845
gather,1024,14041779,247371,5753352,293579,26,0.12871741481342525,0.010059329575928606,0.005628370151923904,0.1396638217101362,0.17625291134445537
gather,2048,11471268,1188066,6462580,261734,21,0.08224449274234762,0.12201064079276235,0.1184432367732189,0.04050635710621611,0.07160274523368501
gather,4096,12076367,7329818,8434189,261381,34,0.048258896737780534,0.009614629828529264,0.537646036554011,0.030410993304109867,0.6580043119586778
gather,8192,12154840,30922649,6402774,257869,22,0.08869471067943722,0.0020194369471475634,0.078655301277257,0.0251894078973316,0.11268409604881716
reshape,64,10271428,2546,5533388,170108,21,0.08067736595896108,0.06185624307543794,0.1077982411797412,0.031006442279149272,0.07050116453778216
reshape,128,12922224,4436,5484833,189330,22,0.08679947901368873,0.28879179596260257,0.09152749414654242,0.2001984563973691,0.10340601836232104
reshape,256,17821624,17424,5038304,170373,34,0.16497390251138364,0.3334096846582799,0.02211432060386148,0.12912017385196733,0.42033640373835374
reshape,512,14104570,51492,6464067,179236,21,0.23777027660762476,0.08112993755640341,0.29133995962452924,0.11520208912509408,0.047619047619047616
reshape,1024,12233123,304434,6537700,258501,28,0.10294021334640356,0.010563639819745372,0.3192299846824205,0.552142534088285,0.40563631041430526
reshape,2048,10420922,1388634,5772411,157634,22,0.06369972304976393,0.01430620913588447,0.23081128080232527,0.03918208676685642,0.13478163808693647
reshape,4096,10706505,4861867,5148049,203538,35,0.005608132606274015,0.0020783472665768903,0.1100692486035784,0.28662225189776314,0.6208449973922383
reshape,8192,10442181,19485526,5297003,161547,25,0.0421805263787976,0.0049702028239079045,0.11039191133273388,0.004997300973831938,0.24979991993593592
shape,64,19941126,2790,5085651,152144,20,0.016076218008921367,0.2089814753128454,0.12900591131691305,0.36758948141444164,0.1555427542095638
shape,128,17843774,2145,5770990,149758,27,0.19710874999767777,0.04148888610387257,0.32446336755847105,0.38465131177948675,0.14814814814814814
shape,256,12839148,1581,5752095,111301,23,0.20008742903773566,0.3069612546084055,0.18108430576496398,0.11436009370401794,0.06546536707079773
shape,512,15407617,1289,5331413,104664,28,0.2835799172670634,0.03352117564075764,0.09075098326073514,0.15680785181953974,0.3494181209608539
shape,1024,10331938,1565,5645615,129902,23,0.047112117301724654,0.07485763549850587,0.008180048838039142,0.18512367219438927,0.13776643944275652
shape,2048,11085455,1696,7814513,132093,21,0.09102929440558168,0.20122724576118478,0.3715071292285162,0.2465326345410891,0.19047619047619047
shape,4096,11042067,1500,5022758,112723,23,0.07715985395459844,0.036024901237430434,0.12333435767503895,0.09900017098603994,0.1567630989332169
shape,8192,11630812,1657,5339371,112694,21,0.04643050161946033,0.046768352871538334,0.1234487108598792,0.023394759064845012,0.027063293868263706
squeeze,64,17829131,3536,5164073,185953,20,0.2766523650607974,0.23119356864125215,0.08359265563019008,0.3405090980217297,0.1555427542095638
squeeze,128,15454243,3827,5449301,177489,21,0.23405681221181504,0.3959318018005179,0.09395466167232053,0.2407575187271691,0.18944305707784598
squeeze,256,19259166,3513,5233687,293448,22,0.2468084507648325,0.22837599500297076,0.10375091399697613,0.4876171844522963,0.02585150459058026
squeeze,512,14751187,3182,5208710,221498,25,0.07933957408751922,0.16977562859967288,0.13579412887059797,0.3810793237485478,0.2628287415189234
squeeze,1024,14073161,2950,6181619,258435,26,0.25232624230666534,0.3925342062682684,0.2268359256311104,0.4108730812845294,0.23395240501146997
squeeze,2048,12719659,2552,6505264,133284,29,0.18326817787953248,0.3224144446640627,0.2017877967064607,0.08086738677126762,0.4932394185047888
squeeze,4096,13948746,3942,7335493,129298,23,0.3392576207774592,0.6970211481050295,0.21101174267794706,0.06338545520984441,0.17842851423995423
squeeze,8192,20094778,4506,5799687,243228,21,0.07171974866801228,0.30563758600299346,0.0064161554610665545,0.3362566873845176,0.02664693550105965
unsqueeze,64,13411786,9634,6280841,359392,26,0.10475161594996592,1.1400095067278748,0.08871412691060068,0.02905514826558772,0.021650635094610963
unsqueeze,128,19789920,5288,8960879,596787,29,0.2901333198305394,0.32412541679677415,0.5008082610926855,0.38333923573518924,0.10414944761263274
unsqueeze,256,14952743,5372,6693816,381568,28,0.19225606790389668,0.3139061427142253,0.09425407219132478,0.09674776573848737,0.05391265523477459
unsqueeze,512,15232508,10340,7257962,667462,31,0.24597267752746624,0.38573608565966877,0.21281008283826003,0.40053010547723283,0.25524959269436087
unsqueeze,1024,16916451,17931,7342799,548489,37,0.1125203237988085,0.334659030534532,0.08820764386792758,0.2262893563695661,0.44492101711227916
unsqueeze,2048,15114540,27035,6383849,424491,30,0.28934207076677626,0.7944187629857584,0.12918240350299529,0.21002822380608357,0.20275875100994065
unsqueeze,4096,14759647,38695,8759519,332886,26,0.293433040258152,0.273997472384673,0.361524986770866,0.10287942718139632,0.2664693550105965
unsqueeze,8192,16040542,77445,8307585,432704,28,0.27206069964551804,0.2992882750050754,0.5040761993811128,0.2782997468777369,0.06185895741317419
add,64,11421979,3582,8185388,579590,69,0.07420726792529227,0.03462721871122294,0.1330111264513764,0.29697307954514723,0.3971805683139016
add,128,19264359,22284,10590980,635863,52,0.1434282490884737,0.34098077573898194,0.1028122855474695,0.44766106698015384,0.2584883272995207
add,256,15943317,40127,9067643,677791,50,0.28316360667129403,0.10940716552846748,0.08257437120657984,0.4048672557885953,0.04966996338993914
add,512,17255547,151025,8386705,570303,50,0.1826964148690469,0.39594935276537224,0.14928380673206545,0.051957360455827176,0.0499989035448394
add,1024,12630243,481749,7154862,755916,48,0.04021876352298377,0.008478793542147051,0.011629802661095964,0.3057496497885872,0.19223944641057042
add,2048,11658466,2152697,7539936,493224,45,0.018043573949578662,0.049763892609146494,0.0978941095792365,0.010299897792725048,0.05510828054942153
add,4096,12243549,10003595,8390935,495005,45,0.04512842095595907,0.004333605323021101,0.15337835257408053,0.03553179545027287,0.23170516553806955
add,8192,11252199,44977140,9696672,700937,38,0.08269408175668246,0.09162622756093237,0.106632788751198,0.5585517328824754,0.1593939372158553
cast,64,16122614,5713,6564645,694087,42,0.2199008572232568,0.4563748050277611,0.008425809021566208,0.17708735594973818,0.23184932069819617
cast,128,12620832,11535,8123396,879077,45,0.10877228639527148,0.23842533192373677,0.10503966971857376,0.40064418566234067,0.25627916877046214
cast,256,13467500,38307,7335037,699710,56,0.22354794289839966,0.7960697405283497,0.09267259834108724,0.3882359687351831,0.34441609860689126
cast,512,15867974,189000,7567378,586964,70,0.16347112957300655,0.1587071014082474,0.24077280339670773,0.266530197468794,0.5076958755404817
cast,1024,12637770,580745,7502843,569121,50,0.10580528631167127,0.012912093848864964,0.2087687952447286,0.27475500818623894,0.08717797887081348
cast,2048,10906441,1935028,9694916,444751,49,0.011366375481593288,0.13949061034324306,0.4630181428332017,0.1095320207339899,0.2359516218959322
cast,4096,11335261,9050758,8693305,478330,48,0.06483990427617727,0.1363781666814945,0.29224964608103876,0.007212322079803586,0.15801985155020137
cast,8192,12388650,33346406,7028859,482864,51,0.05470585200088719,0.010650032902412862,0.09914844236155748,0.014913363066482516,0.05623541583015835
mul,64,17091554,4703,8926944,733152,49,0.22020799325758494,0.33694656549521557,0.19395378561877244,0.3668592686142068,0.06472248832881178
mul,128,20326533,17371,7043610,879459,50,0.2281623017305708,0.42554969111658403,0.011686275065074254,0.3424492496302819,0.034641016151377546
mul,256,16925803,53975,8241516,612478,70,0.28948111589527764,0.4655090653421165,0.23000992773415682,0.33713693905426717,0.3392517567426214
mul,512,20735242,114300,8885376,484288,53,0.13673389233540437,0.014127730986473332,0.23825928096594326,0.00790972831996082,0.3507529913911926
mul,1024,11794415,470054,8053195,969592,73,0.011833022492671012,0.012219285843018662,0.08216745305154555,0.4331483669269518,0.6338098106159749
mul,2048,12535966,2092440,8232390,552046,62,0.020201807730558248,0.003976390385758023,0.21264954893512725,0.1251276676485318,0.42636789872251646
mul,4096,12558088,10633267,8235322,612538,82,0.04041066605455792,0.10085806227210671,0.1263338292880239,0.19248779000796928,0.539349863109658
mul,8192,12336284,40241716,8233923,596606,48,0.03666992501920339,0.0034589725751750576,0.02895842613361237,0.08883838320905633,0.042773958893139716
relu,64,14062337,4817,7916177,539988,57,0.18822318601784185,0.3269928880299505,0.18985154951081415,0.2056524466529868,0.32158425929514667
relu,128,14181246,13941,7422648,536394,40,0.2339003299559856,0.28827871548559314,0.19856038587942612,0.3268669346050786,0.05161155370577188
relu,256,20829969,73884,7237008,528258,48,0.31459791239479323,0.5263768993899847,0.08267424566221061,0.3251646969022739,0.03608439182435161
relu,512,16157985,141282,6903401,494441,104,0.23990009035440746,0.024226130580885716,0.0991983706350823,0.06843100464889415,0.23719167110019657
relu,1024,13058124,577734,8979054,676880,61,0.06982845940661783,0.0004057301007862115,0.24478316262670421,0.5234885742303427,0.4259141330087403
relu,2048,11645686,2242251,7536990,542104,47,0.047642464935520844,0.09302268462391307,0.11410468679579122,0.18108657172470286,0.08538278628860663
relu,4096,11133651,9755098,7650228,564882,80,0.009438252155855082,0.13253156254900492,0.08332384257709405,0.13441805871031473,0.6716351316004844
relu,8192,11905478,35678287,7337324,547114,39,0.07581622172436572,0.1660551892643349,0.0893856378723112,0.34305827243025205,0.19081915676606273
sub,64,14347922,4438,7462272,677219,51,0.4071669280216,0.33169863512574366,0.07298429268312862,0.3436562898760815,0.07822164937407834
sub,128,20234089,16390,8514374,558983,58,0.10859131767324329,0.23365822855830995,0.17917785860998633,0.234623441362067,0.28590330966838917
sub,256,11446812,37980,7486043,505008,48,0.10687035991821277,0.07288291274074403,0.21946701019326656,0.0790638969543114,0.05206782369152241
sub,512,16125089,150574,8339565,665272,56,0.1076882365068829,0.005560743619499743,0.1663679422273019,0.3244833202323774,0.22064705098248297
sub,1024,11918387,565974,7508947,487804,50,0.04562280573188173,0.15276051387052417,0.07799058448415892,0.01822515382653886,0.04966996338993914
sub,2048,12221061,2505991,7142345,660053,48,0.05150955665194999,0.15401808056021726,0.011101956310924097,0.4520165741951188,0.042773958893139716
sub,4096,12147860,10056412,8638993,486786,86,0.10981831222514654,0.009938462613275975,0.30114914806188137,0.0388246195574562,0.7892046783873155
sub,8192,13132863,40182390,7164057,582131,93,0.015435774345073539,0.002743457511103133,0.01521288291009318,0.27006795877275475,0.9070092702539103
transpose,64,18003744,8418,9693578,1204865,102,0.27058342153194903,0.475239909969092,0.21276668675157992,0.3049639626903837,0.28532612178147543
transpose,128,16071450,21567,9838979,854281,93,0.3296502190913529,0.3169734571727405,0.21540073724781292,0.08720394921807895,0.04041927648256422
transpose,256,15396775,111969,9174816,1441236,90,0.32892876075832866,0.29600767001426537,0.10410744221841588,0.32992882498342735,0.07370842935586044
transpose,512,17972572,290159,9411184,891954,134,0.013158569186131052,0.13135062327933203,0.09107040850621652,0.07378337526368792,0.2849331385462552
transpose,1024,12467936,2956082,9926456,935949,82,0.10905685734549812,0.01069112109858063,0.13782887759825135,0.32144103620982317,0.17502043882427987
transpose,2048,11113361,14796401,9042503,955254,83,0.04991408612870806,0.03878351943415306,0.06987749345263916,0.1453326823623744,0.10484273937664926
transpose,4096,11923098,252392062,8932873,977778,83,0.04469892346010641,0.024336724939356395,0.0811594822894981,0.25078488546532235,0.16315215322265553
transpose,8192,11709702,1103807087,14331061,1035574,118,0.012750084535439892,0.00767007228839398,0.34865422950430924,0.19465824423216735,0.3774616213557553
slice,64,15711978,7500,5102096,213299,23,0.2322426069507113,0.8435668605954016,0.005686288343188953,0.294603224774998,0.07530655685082074
slice,128,13753075,4190,6032193,123595,22,0.0885917220039261,0.17608628394099726,0.004303403884366081,0.11277949169096817,0.09183820585879997
slice,256,14140086,5143,5223689,155788,21,0.20981044878109587,0.44549686268208966,0.14776350285780077,0.279040583304065,0.07160274523368501
slice,512,16765566,4236,8288339,183007,22,0.2277954246738741,0.0607140247915688,0.5612332013433724,0.4933907889300672,0.12026142323020866
slice,1024,13104309,4169,5029460,194905,24,0.07097209031476981,0.15771656077971985,0.01966951606142717,0.5572432149224235,0.2305232717463781
slice,2048,10929180,6727,8997550,150148,22,0.026491730259668042,0.06680226185572449,0.6548438203578762,0.2357944629275276,0.09183820585879997
slice,4096,11174714,6565,8026639,124177,20,0.023754103233250168,0.03490954319229419,0.3031470966448536,0.06641655606638015,0.05587260669577023
slice,8192,11851289,6930,8543647,122267,26,0.033460706922481244,0.07665897203225648,0.46878381562720284,0.027527382726465193,0.21593319125610103
div,64,17318083,7057,10384486,879982,56,0.23636929532144652,0.6493331361337983,0.4708839203320397,0.4563522048067575,0.18898223650461363
div,128,20017471,31405,8234967,768382,57,0.14525524708573823,0.40498513587983764,0.06485862060127455,0.7322217548653954,0.18483603075180244
div,256,16696051,113000,8001680,453512,54,0.10519609642535308,0.5057984731628586,0.08547714621587918,0.09752479104882698,0.19598157859737708
div,512,18379558,323551,7505523,480187,46,0.35146478155428523,0.722379934465832,0.07018762638981599,0.004332894285240871,0.012460797176754511
div,1024,14425139,1345878,10544677,581820,60,0.15279887652623422,0.6407902227575762,0.46825368890811453,0.2721990340473828,0.29037824751041347
div,2048,12194706,3700379,7950262,557824,47,0.020135230445979382,0.015247968824544418,0.09137779485133264,0.10117821956348262,0.02439508179674475
div,4096,12945952,13259528,7110977,729830,65,0.07831698370488797,0.1266955576749598,0.011117269591872538,0.06755790643173779,0.17116462233591234
div,8192,12732218,45226370,9918055,593451,49,0.014970135407431914,0.0057892948923782975,0.25999985074066684,0.26059880798643337,0.06515980243914159
sum,64,17980855,9479,7206191,611997,35,0.4370807554800792,0.5750739990219033,0.09393115024604774,0.24869744495298646,0.22835124715646013
sum,128,20666342,42522,6999091,667001,32,0.18401207424649982,0.25503807599432565,0.16394113470873983,0.09994734561803201,0.03125
sum,256,16863761,139974,6284695,588797,34,0.37285798890251837,0.28532656960084163,0.01779567543289535,0.20667075506129812,0.07781621503131149
sum,512,17456704,432288,6839639,722470,32,0.22455603589490736,0.31214281141924083,0.1004141044909621,0.6007172341440287,0.08836993916167742
sum,1024,12731300,1113545,6776791,457191,43,0.0883099031866524,0.015172421837595807,0.09307701144860347,0.026314750512372365,0.43316640693234115
sum,2048,12245894,4881930,8987330,432783,38,0.08218653775711551,0.024734273940033056,0.16458885109455348,0.1037607047123335,0.12328214677180718
sum,4096,11694827,18551882,7423939,483329,37,0.016002554810823952,0.025806009018946894,0.09613211416075447,0.11628205383332144,0.19569331316368127
sum,8192,11705825,73563790,10173577,607362,32,0.07217183331135583,0.04052812454276089,0.5007579137478232,0.3570562650660818,0.21942058405971918
nonzero,64,18152517,277085,8115898,564824,51,0.3010512715615657,1.6565720405283941,0.07552844483107184,0.1685560639446957,0.1576360222305886
nonzero,128,19973191,5648522,8239712,752040,51,0.22984997064773846,1.7234888455241102,0.06210086379622892,0.24904710611678263,0.11926985353525921
nonzero,256,21210015,1510180,8788107,722567,60,0.1574234069989218,1.5729998501970786,0.15715025386643597,0.25438220029649233,0.3616369818000953
nonzero,512,17879046,4690205,7900175,546853,45,0.3718707206751673,1.67501808384855,0.09637033883443694,0.09694329388392268,0.06666666666666667
nonzero,1024,21761797,10959306,8197980,523483,43,0.09702284139089494,1.5442186824552524,0.06437592395694018,0.011086321923487448,0.0867008907755767
nonzero,2048,14625096,35051819,7824199,780793,59,0.3041956927127477,1.557659273222393,0.08633568322454076,0.3642324533483471,0.48888830853749005
nonzero,4096,12250842,163057248,6866437,690350,54,0.05845806340052925,1.6205742416611546,0.07782194741736301,0.402234737834046,0.26020229626038865
nonzero,8192,11344375,569551809,10660105,525672,100,0.12577503587205832,1.5967863713585764,0.5336012472228215,0.1730947206423308,0.5334166132556183
pow,64,14802151,4972,8349773,534412,44,0.35764930951825624,0.26939014096013547,0.3878558673926574,0.19280855579023531,0.06013071161510433
pow,128,17740379,18223,7216537,863516,59,0.2629620589267921,0.5207891442947961,0.09977141709178004,0.33627798334482706,0.23721646643086197
pow,256,14729470,61564,7102702,856122,68,0.04339278521208005,0.514433045207349,0.09503059404744985,0.5566304174589166,0.2840116985691276
pow,512,20215842,249980,7044637,745365,51,0.08407441482923737,0.7003429390833531,0.09079859640228342,0.6300211138201524,0.08784252765239405
pow,1024,12257110,578838,7380171,901733,59,0.06595404590212114,0.014753572427289113,0.09564601096418568,0.5065942247067591,0.23721646643086197
pow,2048,11397568,2453229,6990270,528055,51,0.03457213391116044,0.0802350657027937,0.10067268486737695,0.07563166609415022,0.08784252765239405
pow,4096,11909989,9418155,7399094,490969,63,0.07192876349014846,0.11063011276095301,0.10059866904167802,0.017946703166827963,0.2182178902359924
pow,8192,11498728,38165330,6676972,519555,46,0.09251309409018817,0.11883238917185823,0.16399503716349573,0.08099957380399332,0.10996288798814752
sqrt,64,11897645,5112,8422494,494469,46,0.1857710554314487,0.2954247921353044,0.180033230954177,0.05758588678041607,0.05751633284923023
sqrt,128,16763934,33869,8808386,481303,57,0.12962586410485527,0.13936434225120614,0.16899056692748626,0.039474412968515844,0.36013675967322273
sqrt,256,18662996,121449,8532277,690440,71,0.036737150643593855,0.24739750041454073,0.10184915388783693,0.42921878361325,0.12197540898372376
sqrt,512,20130983,325034,8362698,691116,49,0.13869830503018576,0.7538534998094771,0.2277838988787009,0.36263431790410505,0.16198477414681167
sqrt,1024,15500094,664983,8001638,704593,48,0.38275100968061504,0.15155624746249516,0.2908606646010579,0.28145827271100454,0.03160397031004027
sqrt,2048,11381118,2298989,6633723,567327,52,0.0668262413702537,0.03076135315196197,0.015352880664033496,0.09013178991910215,0.14501821819480507
sqrt,4096,11622929,11980367,6941547,680663,51,0.022044604431221825,0.1536695437744547,0.09464993872544225,0.5086735811667359,0.28386354538174535
sqrt,8192,11409309,38848977,9071470,483936,53,0.0400181735274875,0.0023877873272442392,0.4827118644559953,0.006236445975592204,0.06536040783278782
clip,64,12938802,3033,7492886,1081361,50,0.1265202227633429,0.1745542393237293,0.2044018427388882,0.25283859130202035,0.06
clip,128,14346627,11537,7053094,604107,46,0.13613758652368801,0.3519042485762559,0.09630025068574209,0.18496953862430604,0.07530655685082074
clip,256,13456357,63257,6813117,536922,79,0.1336376798427762,0.532660197866775,0.038118131386424906,0.20582176954156808,0.44086265233589866
clip,512,14466457,139444,9008292,498929,49,0.3195195477749371,0.09934417462291123,0.2630591795479283,0.07574109743923618,0.11448806784719451
clip,1024,11411678,585576,6992089,811127,49,0.007065652008187336,0.0010929941550022742,0.11548223030578914,0.3662653559594004,0.06515980243914159
clip,2048,11245666,2623417,7044540,678439,50,0.01767529894639483,0.0058739533191461985,0.09119389211841272,0.4856112010190684,0.04966996338993914
clip,4096,11520435,10540905,7426489,509361,52,0.07899842579360129,0.006346747332746195,0.08956162092410833,0.038397616647904455,0.21153846153846154
clip,8192,11833171,33056073,7059861,701140,46,0.03050832619012084,0.0008861940365309513,0.09283172686054247,0.3825310093645037,0.1188684290781173
leaky_relu,64,13534579,4549,7518646,701058,48,0.187972625502787,0.35423468781021195,0.23020850004401633,0.4382210911179896,0.03608439182435161
leaky_relu,128,13119066,12542,10248949,907322,63,0.3447120582052175,0.3888594735691292,0.4153637673377278,0.5091793457389038,0.21553258136256073
leaky_relu,256,16202416,36298,9434810,482781,64,0.28077170671825663,0.07907970896116438,0.508080705700622,0.025191172200851323,0.35897426063603677
leaky_relu,512,13544129,179625,11090092,482415,60,0.45470218382289007,0.3057591901764967,0.5222691549702397,0.023814185345191672,0.33291640592396965
leaky_relu,1024,12549769,608584,7576326,476146,47,0.12750143160201352,0.001735226686019588,0.09813905493499621,0.023270134050259766,0.012197540898372375
leaky_relu,2048,11364306,2801070,7817458,532584,81,0.040094041643394765,0.004188817750565534,0.15498154854228674,0.1617146032786774,0.6952053444593129
leaky_relu,4096,11649644,8186548,7559302,624932,46,0.04546782985299431,0.003549133327657805,0.08768678617751734,0.21814572993796877,0.012460797176754511
leaky_relu,8192,11580698,32670243,6682072,488225,67,0.083762797597751,0.007063727690848076,0.011921146978533435,0.008446696866289636,0.3324038425570162
gemm,64,17749585,510036,9618970,714358,48,0.2584580782054173,0.34553673238878707,0.4311126816419662,0.2120227625196314,0.5777260259942519
gemm,128,19178276,6181661,8477856,649203,36,0.1187019820572446,0.08654048465274553,0.016400926137518493,0.2826926358957586,0.3253732757849687
gemm,256,11783079,24277278,10656270,817054,42,0.027421084126452066,0.015157187875043023,0.43549604733779734,0.4160814433004405,0.22712838128974897
gemm,512,11578738,196637253,7732676,617705,43,0.06061708489539818,0.003026629274240875,0.13378261401244643,0.153634363641615,0.32413547703148315
gemm,1024,12116245,1603984771,8143429,595395,32,0.046904831465122546,0.00034760861941445355,0.09524355533696449,0.09102468785872629,0.14320549046737
gemm,2048,12149035,12969295940,8254354,639883,33,0.03669231257540579,0.0004072286110111511,0.11242902815754494,0.13858876479807528,0.0458257569495584
gemm,4096,12821167,104869550006,8225265,630819,34,0.06379685399933632,0.0016862838224626997,0.09402678751037594,0.08955799874630448,0.05094267081084933
gemm,8192,12099327,845281561213,7756276,581063,36,0.021483425182662465,0.0020965662665458377,0.10309790561128282,0.24882006328588047,0.11354541815269815
softmax,64,19847028,12786799,17682040,1575473,122,0.3211097992821667,1.72139942494741,0.06297698706790106,0.012466287561318875,0.44084596830341566
softmax,128,17038790,4892341,16541584,1560898,162,0.28359488931460564,1.6467997870468256,0.06618349181489826,0.0034627973955715634,0.0763714965310829
softmax,256,19517426,8303334,17074906,2134530,131,0.3506122797213929,1.5510697286740918,0.11168856398079403,0.4489032777008484,0.4768670139421052
softmax,512,19465131,13558323,15904634,1579115,137,0.32379771610436153,1.3587348860729682,0.014534683454610972,0.020704129715556883,0.43631077763148773
softmax,1024,13199185,17896729,18039289,1653890,174,0.0662096934039766,0.7993145466631929,0.02128597329400037,0.04934501138183882,0.23394405100054735
softmax,2048,12954517,49147954,17913607,1596787,167,0.080031494038766,0.29269276360258184,0.14319460316192537,0.04075990601520715,0.2791120300898326
softmax,4096,13083794,182087748,18788618,1623846,201,0.028751390558512047,0.21577754496218432,0.13135411565459396,0.03394324554177688,0.7445670992524825
softmax,8192,12703280,624771724,17035157,1903690,121,0.021517165933248705,0.01562014673587927,0.05926255588802557,0.25094915990616373,0.41888251733953735
tanh,64,15025347,46053,7909172,706028,54,0.3248685498855331,0.35884277334579284,0.1857771173098906,0.3421247142897302,0.04899539464934427
tanh,128,11441560,150161,11585560,524894,87,0.03002566517160745,0.08587064067457001,0.2089025509443786,0.14322368529454874,0.35238349031475774
tanh,256,17370007,1142483,7118371,734726,48,0.2751263297982896,0.4282799480732927,0.11417893459990416,0.28921187227201567,0.05206782369152241
tanh,512,19236074,3568873,8376185,561579,51,0.2575043446986571,0.6062103209965107,0.24092092636031745,0.2695430749092485,0.0
tanh,1024,12036613,9115337,7137029,769831,49,0.012366771186128528,0.0031072414110450003,0.09542515806670039,0.6591515856123956,0.030755541576884836
tanh,2048,11585130,36795136,6685628,485044,79,0.008122708676862248,0.0008653154401397945,0.021202799234746404,0.024230369377885298,0.49535225395644317
tanh,4096,11599561,144314421,7735654,478580,127,0.07838030950283795,0.00349898775571702,0.20555925716966014,0.006976529900540616,0.34046837206690417
tanh,8192,12069604,573578038,7252125,503446,69,0.06714776444642273,0.004118503217091782,0.13669372966616478,0.06542158629053654,0.36297280938801685
maxpool,64,18153747,5803,10181324,1367777,85,0.21921173165062177,0.24021674885380256,0.23360619842420208,0.36010862759590045,0.1989008236440787
maxpool,128,17494112,18962,10923558,1265583,73,0.4312352452859813,0.37247138957374587,0.16296316861001742,0.1868826268176728,0.35590085087031725
maxpool,256,11421776,40330,9562611,854862,75,0.037733779893958305,0.06203438427787206,0.17162510409114412,0.016168717086316415,0.29784410538251566
maxpool,512,13340817,155152,11183417,1434067,62,0.03796236842292366,0.01444699126229052,0.26928921601188094,0.5995694954669152,0.06483612648653551
maxpool,1024,12336745,783764,9606894,1286989,74,0.045913526921281395,0.018144698796297994,0.08117690685885531,0.5170391672972322,0.4860949138862928
maxpool,2048,12479713,3229034,8786460,1094284,69,0.06670072953177918,0.08930450777305773,0.0029209451236609086,0.3956762941389998,0.3152452901440982
maxpool,4096,12076744,12567557,13030878,864033,55,0.027239052888418387,0.07273980570608282,0.4747757932512415,0.057940952382294325,0.06842058247952136
maxpool,8192,12754700,47476881,9278965,1192164,71,0.05510700823763486,0.0009800869283761273,0.08236354023363589,0.40797601315561904,0.31713606335768174
exp,64,15207343,27603,10239279,474631,54,0.26196196478240485,0.48558669493643536,0.37780871204900374,0.021376847649071228,0.09799078929868854
exp,128,18911283,76905,7960473,876740,51,0.18406908441087122,0.06381066865978703,0.2771321261886424,0.5275319556304084,0.11666542787112984
exp,256,19392001,479311,7305134,573679,65,0.2248157683205717,0.296940463096152,0.08621753076432027,0.06528365766008046,0.15995889600597693
exp,512,19093566,1424601,7586619,568261,46,0.1574944535650227,0.3075394476117657,0.23341448713191149,0.3062474034744944,0.024743582965269677
exp,1024,12051996,4491874,6856390,674633,49,0.1076797935258329,0.004735539871980516,0.0904519318362307,0.5048527790626621,0.07358267909110182
exp,2048,12195950,18882042,7531903,490890,49,0.17204464260667254,0.03792036255820854,0.11196658885279896,0.03498541867753329,0.030755541576884836
exp,4096,11542756,70571536,7222035,497532,49,0.04721555841516362,0.013835867383011301,0.08200344427180625,0.05337803625693586,0.16704801575249897
exp,8192,11402082,279597503,7973956,573519,43,0.014069700505873676,0.012096170320427068,0.29782332445211906,0.139529935774252,0.06152910025731606
log,64,11597281,160842,9267486,561564,53,0.2824445301448929,1.1876516560507488,0.15839624756470888,0.24437192631261437,0.16381678027601446
log,128,19249262,383059,6606888,742947,58,0.3268817741368639,0.29862099040278034,0.0029076343575433427,0.05418651236568558,0.29510288762686526
log,256,23496404,1608750,8650999,832788,67,0.08416477665807179,0.3500601327890522,0.19508322969441746,0.08477772001192976,0.45927682548887033
log,512,18384258,3005483,6597320,482303,79,0.0833745921477159,0.018104864615154773,0.005022328481466288,0.006072237080539849,0.46972001619241915
log,1024,11510316,11613257,7696123,549879,49,0.05328183585718317,0.003440355034365707,0.24263477629185526,0.221493791882919,0.07069595132934192
log,2048,11679638,46345539,8442082,725678,65,0.06702882567242464,0.00565224753245398,0.13932740881225575,0.5811618135511604,0.4203846337778473
log,4096,11772468,184179348,8003134,509911,50,0.03762503826498857,0.00831594948033335,0.2740107555823574,0.057776597655132426,0.14
log,8192,11261522,731554406,7328467,566619,55,0.025041203808914662,0.00407545048823997,0.0775636768048498,0.27268330111079175,0.19906881496214826
pad,64,16672653,17438,12376794,1648358,418,0.21355454052082573,0.35380385371528833,0.06790546085856795,0.270678124476915,0.2399544408432938
pad,128,15591917,51434,12141053,1584591,427,0.17406808912422408,0.5704271157483826,0.10432929668189674,0.05301814188191317,0.15414035289840125
pad,256,20811923,271920,12409766,1527462,433,0.28398384884950795,0.4459790170435467,0.06961684327491592,0.026897719781328145,0.08460971991166408
pad,512,20208320,601292,11483193,1742697,492,0.09119978729355244,0.20452127730672134,0.015086550812040793,0.21162901331870773,0.5500814537235913
pad,1024,15424282,2298338,18613799,1578411,565,0.2760316818259998,0.19656010181200417,0.3635405215198549,0.027871890450770417,0.15187243370251574
pad,2048,12305507,9184706,13280368,2130137,672,0.11271602795358436,0.052486899370151906,0.1243952547693964,0.25152755894704576,0.7959881779268344
pad,4096,11606432,32283365,12100420,1885599,501,0.01767258851864827,0.06420334897073787,0.06432990583217223,0.27941972684070754,0.4235696693300017
pad,8192,11810141,138124674,11882197,1515740,318,0.015330312078111603,0.0015056454941829395,0.07093080988386229,0.008019741276587021,0.05755039624886577
instance_norm,64,20056253,195949,15985454,1259814,54,0.461826365054207,0.3685321718337876,0.0829043654585353,0.03731607773746268,0.06676946806414795
instance_norm,128,20841123,986827,15916313,1401682,68,0.2428839447335676,0.6017727483827925,0.1872836543186603,0.2147880989613623,0.3609575037868214
instance_norm,256,20074962,2854437,14497239,1094507,71,0.2794710984213167,0.09652507293961377,0.07843509479412418,0.09804434566033866,0.3237478144988556
instance_norm,512,14501952,8820401,14702748,1245750,80,0.08584617604829743,0.008007039736321995,0.14429842386622824,0.01397230904963315,0.34862180599659703
instance_norm,1024,14573457,35070821,13259987,3434037,98,0.054119110549957945,0.00238519184832854,0.006392397626624186,1.095204240520842,0.4397237025799029
instance_norm,2048,13649864,135061536,14395325,1245433,78,0.049792012220484856,0.0001426836961208102,0.055559443323279056,0.020597168984057133,0.38134402899122627
instance_norm,4096,13977790,546200615,14346645,1816717,61,0.05125647619576487,0.006254818063598436,0.09266532097263282,0.1286549142139761,0.04706659803176297
instance_norm,8192,13842042,2164725839,14876130,1251943,55,0.023382180452936215,0.0013760596329795045,0.15884757653549625,0.01747436051234851,0.12227890932133016
resize,64,16679374,418744,6181284,455595,23,0.1436699713199832,0.5053774766305691,0.012869293172120983,0.2353743430976169,0.09897433186107871
resize,128,21335137,1216399,6588741,771533,29,0.23420693774464546,0.49214616414632323,0.07062674585695852,0.47507176180261323,0.20595845820026248
resize,256,17457166,5801580,6675006,431303,34,0.14401136595964284,0.1469585658874961,0.07646849971466205,0.12514041753481134,0.352334899254836
resize,512,11894118,13326923,7150303,391341,24,0.041889876548399325,0.00278001599550474,0.25553715169818997,0.00607561832158523,0.07216878364870322
resize,1024,11695777,51672416,6582263,402617,25,0.021265197229734252,0.002892196825296888,0.1148114581808548,0.016927409511397817,0.044988332664126676
resize,2048,11719783,206607385,6161006,400234,26,0.06961542112053173,0.004217007477020115,0.0023190146220969407,0.03322927851651241,0.038461538461538464
resize,4096,11851073,822067810,8152272,404611,28,0.033378098842845705,0.003688121111032164,0.26316013654730586,0.05754822401757497,0.06185895741317419
resize,8192,11577613,3285642229,6055670,418843,26,0.029770177461033345,0.0014426900956879467,0.012243185881716656,0.05401806720165166,0.06661733875264912
upsample,64,13953339,185537,6533037,499841,35,0.22454485214794692,0.13671400880633094,0.09084620790851479,0.18913863448301285,0.1737932151513777
upsample,128,18928699,1535451,6193493,524004,27,0.06170159606868943,0.15282587684159127,0.031241734087939007,0.369777115951799,0.11042351072182748
upsample,256,16075756,3111634,8973259,419799,34,0.29254126837819194,0.017651132352278272,0.5264595764904837,0.03623277552159311,0.4362454745371062
upsample,512,12214996,12313275,7290620,634006,23,0.05490776732508342,0.001068632147691148,0.2693406288660739,0.3964654255932187,0.12371791482634838
upsample,1024,11710618,47335938,7358314,409980,28,0.043389125783238426,0.005239032280924258,0.27697937142072043,0.040457536663182615,0.05391265523477459
upsample,2048,11243154,189587705,6354455,412861,23,0.021515935565688673,0.004597009161015948,0.14357624441043831,0.0018404553182403342,0.08795771828730137
upsample,4096,12122317,752711145,6464989,477690,27,0.04229586568467072,0.0059771004976264105,0.09034778630850747,0.20073505118395538,0.07524093973973973
upsample,8192,11249089,3009691179,6515026,398181,22,0.022459115536337358,0.0024777249225176857,0.07510358198837694,0.012342606458569072,0.045454545454545456
topk,64,19481409,8434091,8311639,393402,24,0.32592483902592584,1.6911091612207867,0.591922267420737,0.35166281485078144,0.08554791778627943
topk,128,16386608,480069,5818405,266824,21,0.11530995727995932,0.09050448731242373,0.09338520859371625,0.43402350218287133,0.02664693550105965
topk,256,16604551,851165,7773061,241331,24,0.3090227211148756,0.473806917267412,0.2759788769971453,0.17079570216918893,0.11023963796102461
topk,512,16404253,2250560,6061971,284288,23,0.4059666802098661,0.3554215445721075,0.08038797914570935,0.4722281741851475,0.12197540898372373
topk,1024,11301131,3817679,7058676,344234,24,0.05024472491099524,0.00522431521379076,0.28579540355448785,0.5988662238891371,0.18724873595339211
topk,2048,11490839,11006699,7111940,211369,30,0.008203325410724091,0.0017976725424039856,0.3190874918484009,0.025724257769024594,0.4077173768154576
topk,4096,11547113,32013507,5748437,212457,21,0.04902634224291751,0.002299395246707845,0.08696592332141131,0.03055666276518861,0.07050116453778216
topk,8192,12281142,94931129,6108454,248246,30,0.061717634687742294,0.004142115363953208,0.10446491007439199,0.2453657962442923,0.43789645822790624
nms,64,17561450,2812,11048109,675029,45,0.18186958408720263,0.4014600484997043,0.22028447093309175,0.1466266622020206,0.05510828054942153
nms,128,17663759,3564,9339675,617934,93,0.1670939938746798,0.3222039457146443,0.020636349470867548,0.01463543315610093,0.36053743896849216
nms,256,18849234,5014,8948122,752799,65,0.33130276478898074,0.5960070249852738,0.061356590127327686,0.17316016567926193,0.3671703821324898
nms,512,25389983,4869,8149385,714623,102,0.18309231127159492,0.3435405047528535,0.009159432081218683,0.06930512929590824,0.7793938163759048
nms,1024,18881494,9287,8274459,751133,57,0.16918790032898234,0.3463951354793616,0.002447207007033149,0.27497357093368613,0.3199096902201552
nms,2048,18713944,23167,9301656,690313,68,0.16124877221970144,0.30418688473128885,0.00722464783403762,0.21581202148438453,0.371159690121293
nms,4096,16459126,30463,9637904,667459,69,0.2601283954639361,0.574262814480632,0.16876889107994408,0.10177265320873484,0.22820085165972728
nms,8192,19986608,70099,8726970,905617,77,0.12719900148022856,0.002678035775804807,0.08997883025329326,0.21642453888044869,0.28516767081074296
batch_norm,64,17696854,6420733,109733881,9372066,1252,0.21855581994102824,1.098555179664747,0.004653443678931329,0.05003739342724052,0.4827369235483158
batch_norm,128,20736555,18748324,108972108,9168705,1006,0.024777135183755315,0.8966698984260074,0.017526933718775332,0.005597183673402388,0.3073517686205618
batch_norm,256,17342410,33652338,109044217,9125517,1261,0.08041959015191565,0.05301390472468985,0.05729549913178928,0.00697587087138487,0.11888512593801265
batch_norm,512,15125138,133991991,108804315,9177002,654,0.028241891222007272,0.030739069459252043,0.009133791790769499,0.004304426525702374,0.4776592971718783
batch_norm,1024,17099920,532882527,107527454,10021223,850,0.07850801491312959,0.03854502152062789,0.028192446526851475,0.1611902489338221,0.10517143926543615
batch_norm,2048,33554815,2183773919,110823337,9144716,1140,0.8831305391708583,0.0799421061713077,0.014609400707516566,0.005306641589252385,0.18461787655502737
batch_norm,4096,20420225,8940417200,109966745,9124484,1294,0.21815431530459858,0.142932477536273,0.05071822216127961,0.010449698232612168,0.21104200655157201
roi_align,64,20408343,6568,11389715,499611,24,0.41423635479772414,0.05388211849985901,0.18542153923734875,0.6318767835697171,0.4060805189545059
roi_align,128,14756531,7764,8196315,374798,26,0.1837928057602448,0.3302782268380528,0.06162364360959126,0.16685333722361315,0.3052789974305297
roi_align,256,16791307,10111,8147506,361083,41,0.08895262300926975,0.5603927972282864,0.06710550737668108,0.21348684112133912,0.42275298135745665
roi_align,512,19700029,7515,7862825,574890,33,0.19934120820025727,0.2724987599656099,0.052835397067680825,0.4989314710259665,0.5898364755883755
roi_align,1024,14646947,7997,8289469,306568,20,0.11273803822029174,0.0808069042445216,0.08465521292972367,0.19129759233566979,0.028394275533916023
roi_align,2048,14927082,10092,8463244,465979,44,0.134750065186574,0.030645828342108862,0.17810966882261933,0.5939429218884018,0.285615337040941
roi_align,4096,13886454,12861,8559356,478625,25,0.03431356534345161,0.2452991637263814,0.09970629420743882,0.12352819756006471,0.1574591643244434
roi_align,8192,13985416,10515,10501233,280818,22,0.05064911928751885,0.15762285255757627,0.3953160218753989,0.1511804284181031,0.05170300918116052
scatter,128,16644888,7629,9372012,158815,25,0.1478276537093756,0.03707166477527234,0.056279810594460286,0.5968589297846942,0.3173192655291069
compress,64,16716541,4244,6340372,353353,25,0.26783226522454123,0.3989981533140257,0.3627297668681786,0.46113322070217605,0.22790142204853647
compress,128,10957765,4732,6992178,204027,19,0.2016355626449192,0.22342995403252613,0.41671903404358207,0.23558981803828682,0.107672379282731
compress,256,18828018,21364,7414498,444842,33,0.38634980131442126,0.45382699915344177,0.15711877882446154,0.609441265871507,0.6415605972938175
compress,512,13901391,108024,5169649,269220,21,0.38851817447912673,0.46886314884100844,0.12787873703604172,0.4770147993041907,0.02664693550105965
compress,1024,11278123,329547,5451273,148576,23,0.09211033157860392,0.023695047523973525,0.09627587929054332,0.1214044448217758,0.1567630989332169
compress,2048,10672619,2155181,5641256,201523,42,0.10572619346116492,0.36620186424941514,0.09912905772559412,0.3467117004786447,0.4594786235166442
compress,4096,12420505,4911869,5086789,170186,22,0.26293633736424044,0.02941702207453721,0.07030210956749829,0.019086810120588903,0.11268409604881716
compress,8192,10858272,19335097,5282847,166757,21,0.02582385771977159,0.0024364471855498797,0.10892201040754611,0.09131397960974452,0.16208698081311904
cumsum,64,13746060,854018,5738188,190940,18,0.056026419629249764,1.2036252958659182,0.10728981742710164,0.011589601383687347,0.08331955809010619
cumsum,128,13666828,622997,5810047,190085,17,0.06015713591038033,0.3589393008829676,0.09559905866929692,0.009824098414431487,0.03330866937632456
cumsum,256,12253997,2469368,5761207,182269,16,0.08042477699123446,0.43161660914500605,0.10009585788524082,0.08312820929568818,0.03464101615137754
cumsum,512,12950471,5866514,5788798,191237,18,0.006344290562159027,0.04403993671855378,0.09917341579668741,0.016203730402030336,0.09622504486493762
cumsum,1024,12753674,23197108,6381697,186793,16,0.07734849495856434,0.009673790544830542,0.13865335016103503,0.11148834812548128,0.03464101615137754
cumsum,2048,12413840,92128575,6100623,170574,18,0.0802167959545603,0.023784452642621273,0.10623269090471564,0.02127402655606124,0.09622504486493762
cumsum,4096,12686798,354102370,6936511,178471,17,0.12015134374835361,0.0056840417891356266,0.3645463493928215,0.07597273119308913,0.1178301509131773
cumsum,8192,12448469,1447999803,5462707,174518,16,0.08136521401455578,0.03266624195262148,0.0052224895501714365,0.06545053799851086,0.0916515138991168
hardmax,64,11989189,31231,9361213,934629,46,0.28678113022543705,0.4741400794187371,0.04023274043125075,0.12104914395836196,0.19583679983908198
hardmax,128,17359398,185613,9781935,1003143,48,0.30702324501059775,0.4088470556802268,0.07598383184387873,0.545364943279436,0.05206782369152241
hardmax,256,16432809,694593,11335625,922459,48,0.19731784824809043,0.468963134997502,0.20375766732543665,0.24286324761556,0.21971253331980053
hardmax,512,12046245,1394745,9779259,825413,161,0.19594180359027694,0.012732939029033245,0.07265118703563868,0.08341660694634846,1.179191078211881
hardmax,1024,9838343,5226211,11028305,756076,51,0.10842579538047938,0.1088174216647305,0.05238246472376155,0.09805150436652907,0.22265076034499867
hardmax,2048,9483707,19673848,11589960,687972,44,0.019307094483642602,0.0954912847556461,0.1777003861095531,0.007123344991152169,0.14393508598496949
hardmax,4096,10323299,87161797,12325326,737637,55,0.05324604404295787,0.021897749698775334,0.11814424936468337,0.10792026426291013,0.16694465615121706
hardmax,8192,10047479,339847535,9844822,861612,46,0.00854279822609342,0.0019052406551255284,0.11059569665772341,0.2152231462929133,0.21032045520479226
category_mapper,64,10105704,7056,7604117,380683,19,0.021723301023756268,0.11012999096378194,0.21323052013812605,0.10497294823035969,0.2800459600314967
category_mapper,128,14493984,26678,6622144,351902,19,0.43760693536437295,0.3152296114291209,0.09977261337923611,0.09431259133713535,0.12796329551306354
category_mapper,256,12307426,98317,6970553,383379,17,0.15387253378591492,0.29517192033613054,0.09677616716704972,0.2936784612976199,0.0
category_mapper,512,11841461,553288,7902057,317957,16,0.1827136039555693,0.2866941327675805,0.1342928855525137,0.09412704599105277,0.0916515138991168
category_mapper,1024,11675100,1615365,6606867,435450,18,0.09353944730519101,0.2780400746632481,0.10166508898341438,0.2933987676546255,0.09622504486493762
category_mapper,2048,10160204,4888021,6214243,342736,18,0.0510754859067849,0.006507599462588144,0.004414803645791186,0.14684321196830485,0.12596733145955472
category_mapper,4096,11665153,18260654,6904572,378155,18,0.01974784740436934,0.0009385652301404716,0.08969719515956474,0.20816939600176884,0.08331955809010619
category_mapper,8192,9756852,76582637,6891930,310156,19,0.04652744447435741,0.05411773305578387,0.08905306426764295,0.11939759920083148,0.11945177983233636
lstm,64,87714373,245014639,825912756,12619043,49,0.09129050670507316,0.10209011244051845,0.036902596734405095,0.11123297932289712,0.18280742241173895
lstm,128,82562242,674716665,837295126,12518830,50,0.1022533331244331,0.10685018566990422,0.007429859306537045,0.1167429671506484,0.0499989035448394
lstm,256,82410989,2231398317,841693153,12518316,185,0.10455707993292009,0.020158173907981497,0.016900001366511406,0.11731487108172385,1.2746762102678157
lstm,512,82815579,7437520813,840670613,13391070,45,0.10413967079908933,0.033443333283674825,0.011806042450712416,0.10842798599706768,0.2143033502442879
lstm,1024,88036181,26785572789,846566220,13420143,46,0.1003155092535408,0.06880301833991541,0.015188060068942674,0.11162839766604497,0.11503266569846046
lstm,2048,77498606,94309799234,790879356,11700306,42,0.002023670784100311,0.05622040231845019,0.08988759089335334,0.004340619162623104,0.11796616305110547
lstm,4096,77961481,391115473937,786136786,12591230,43,0.0070593162713454005,0.043681516405669155,0.10273338174637602,0.11130088143500609,0.14543938078822635
lstm,8192,79411476,1359751417609,833905230,27142090,1918,0.03070701643215155,0.0012026823095682348,0.009945964405053565,0.4949848327343452,1.1873538716223466
abs,64,13130071,3675,8386086,489550,36,0.4805356154976947,0.3107282562706728,0.23089548662385026,0.053154882435227924,0.11458711923666784
abs,128,9895410,7581,8796991,421878,35,0.12590060625978275,0.21097892926100756,0.18234504402099333,0.11762671946861619,0.11438071370737869
abs,256,10289478,39025,8715734,462249,36,0.13707246313879834,0.08942751876984378,0.14917997818015308,0.036298707110634224,0.14433756729740643
abs,512,13170127,210919,6654038,546007,50,0.39186731916907874,0.4173461473843233,0.02114841645062736,0.24448905093072157,0.3117691453623979
abs,1024,10429066,570281,8867297,476276,38,0.06572977254985088,0.02417838973825435,0.19680340595554502,0.12248157936448117,0.1275745567840409
abs,2048,10078665,2606036,7587085,442234,37,0.096970590518895,0.06477174088473817,0.1171311756148109,0.09892949232435519,0.2010416115928161
abs,4096,9636805,9038199,7353792,428536,39,0.09507502484248623,0.1668570553111143,0.09237340957344486,0.11058949796127825,0.06783977720678437
abs,8192,9574960,32747515,8298726,459045,37,0.058024542244760925,0.01813209366536496,0.23812864564989275,0.07611747525197628,0.11971459520768747
flatten,64,11203392,3187,7379710,198825,19,0.3779385192773512,0.34754809296718797,0.6004588333160915,0.4450450999436469,0.1392500690033995
flatten,128,10295732,6648,7578037,171588,20,0.06221761913564094,0.7422738968219488,0.6167214760445646,0.3083005423719734,0.1502483834411751
flatten,256,11183416,14197,4926133,147995,19,0.07410484689971523,0.19482335950475263,0.007503926360067069,0.20634486774728283,0.12796329551306354
flatten,512,13926173,147064,7769189,170414,19,0.15451334499260164,0.3673459391643018,0.5242080123203717,0.13146021992164697,0.18232113763882918
flatten,1024,9041040,380983,5564020,182084,19,0.10135449633478452,0.02307201801569126,0.09795976501191023,0.24580987649934002,0.11945177983233636
flatten,2048,9745513,1476210,6236172,146449,22,0.0976288494754247,0.034413442154345726,0.36618202990276827,0.11589181184129434,0.11268409604881716
flatten,4096,9281106,4835020,5001367,128086,19,0.08013769824664199,0.009624902252221271,0.04008488963516257,0.00808239466608339,0.1662698407067751
flatten,8192,9829182,20262216,5372164,154997,19,0.01286710780067624,0.052487613696132376,0.09601862905759677,0.04604593498609978,0.17857040259072438
neg,64,12656827,4911,6580662,465494,41,0.13914917399494334,0.5163265133862189,0.005268440717898896,0.14866199957851994,0.013968151673942558
neg,128,9921726,9833,6943329,546891,43,0.0858699789888292,0.3861228889586384,0.10619493584453531,0.11457312288082461,0.10136974287303893
neg,256,10548610,23621,9889002,424035,42,0.2891280897955395,0.11338767467207417,0.2981495325665638,0.10770229537142731,0.027276390670376016
neg,512,9715064,133941,6567525,458249,46,0.08401824464025397,0.20648086223642562,0.0071083971491744955,0.10073837153986484,0.10869565217391304
neg,1024,9271848,536447,7642021,419500,62,0.07071705682984568,0.12138061938796298,0.23608035702561295,0.12050270381042559,0.3803169716952127
neg,2048,10449451,2563287,8243939,555796,37,0.019154055761162254,0.08250165459484034,0.20411167410068892,0.22989545782939472,0.03092947870658709
neg,4096,10510968,10652306,7713693,403496,41,0.053871184313265374,0.006048499368007409,0.2155237270932524,0.013328244489981367,0.1375703395905805
neg,8192,10338661,33420076,6579548,400677,45,0.006598277947521936,0.004771432617728647,0.009101583190424159,0.015009540851750856,0.12060373461210443
reduce_min,64,12260548,21721,7332276,442845,25,0.31113576814578614,0.025987971124038882,0.09857873528625527,0.12421717727529376,0.13856406460551018
reduce_min,128,11966521,96212,10151607,516907,27,0.18050480222742912,0.16494501022937455,0.36732359946165544,0.14054473367667086,0.08449028329604279
reduce_min,256,12975802,371155,8006406,540973,24,0.0767112227771982,0.3020607600362447,0.23757522594742198,0.27503162124514413,0.1502313031443329
reduce_min,512,10146644,932340,6961447,562080,28,0.12005641283249102,0.02289459391916467,0.09755667926191569,0.1716466986265449,0.05391265523477459
reduce_min,1024,10218052,3629733,6742657,436901,24,0.018284549871226442,0.0024743063781381192,0.09636231834398155,0.1050995171927596,0.08554791778627943
reduce_min,2048,10141118,14762532,7183010,571024,25,0.13520404089648624,0.01966584576706466,0.1035962764253311,0.3082140276387501,0.11395071102426824
reduce_min,4096,9828961,53629116,6674291,469165,27,0.08309486966507695,0.10616755927334205,0.09327427658294847,0.06714273879526174,0.07524093973973973
reduce_min,8192,10596450,213455934,8793991,459149,27,0.041603001452120335,0.10589073325400551,0.36860295351447214,0.037600440323238525,0.16972502573910517
and,64,10989037,3107,12155013,1032276,70,0.05482320954602765,0.04468578844823885,0.06840627177625899,0.02829681832583878,0.07559289460184544
and,128,18340797,5383,13166263,905812,68,0.45554122140807224,0.5050359254459549,0.12733594370540743,0.03740016450487409,0.10983736828485564
and,256,12309623,10795,12458939,979178,75,0.22706943767349,0.3451593480083939,0.2481386176690471,0.12207845549138176,0.03325918253423237
and,512,12607045,28517,13029883,948608,74,0.24029729560565719,0.1966801610237198,0.19259522657492995,0.09540159263398362,0.07409287731775026
and,1024,10344730,128411,13246600,1040588,66,0.06912749953663877,0.06622688647712595,0.13446542710958076,0.026426850633099547,0.12402049654352197
and,2048,10245238,500440,15069929,857875,68,0.010604700513129355,0.14559017283682357,0.29859320932615196,0.019228962516895834,0.036828460659857315
and,4096,10579717,2510955,12225877,905785,99,0.013196438003927268,0.15539844111657325,0.06496950089076071,0.11946761294625391,0.45542703841319654
and,8192,10091971,9760024,14984729,910052,70,0.026847106046447383,0.005334863150035422,0.36954339682852083,0.09333441066688761,0.024743582965269673
floor,64,11171585,8651,8442833,506230,40,0.17659942186417282,0.09382478765129873,0.10965457404889106,0.19286762208297295,0.1673817857103454
floor,128,12528661,26566,7054930,528120,44,0.4528990164268526,0.21531879171804674,0.11240458856803555,0.1573363705149436,0.05209175361109405
floor,256,9835553,92560,6563524,420747,38,0.14834426463971392,0.10449110064731766,0.02577411191632512,0.11853760163028838,0.19752724681044428
floor,512,8788042,335692,7018999,581410,47,0.044945061763893956,0.1311239499498477,0.10026927018295306,0.2903907392538568,0.2358002139872359
floor,1024,9206406,1277456,7568817,485233,40,0.07614085445140384,0.1353026244326994,0.11287972323847441,0.02387729482150894,0.07574505280918743
floor,2048,9852828,5352598,7783513,502318,41,0.08691993086492766,0.10638675095266051,0.3338070146472279,0.04593170715669187,0.120797350964332
floor,4096,9689874,20501013,6577837,458695,41,0.07200983558688157,0.027692397229833406,0.027106416650429437,0.13084986856851746,0.013968151673942558
floor,8192,10423837,86463447,6592318,480449,45,0.08046850917190021,0.05439323340111851,0.029319874302489085,0.020526081528421322,0.05879447357921313
reduce_sum,64,10742734,18231,6955949,536393,25,0.20821432341880886,0.48851389634672643,0.12551174405052834,0.2571198258563062,0.022494166332063338
reduce_sum,128,14569938,34280,9629569,472742,31,0.49587844190149144,0.4874456077108719,0.4888056872648867,0.0668352811669497,0.05587260669577023
reduce_sum,256,9402720,80434,7343786,511368,64,0.024698826938914308,0.11974351092856837,0.10314971640489233,0.18738078868841482,0.9434679584982917
reduce_sum,512,11321191,333762,7391879,546723,32,0.19610781655896983,0.2623981652064781,0.1221348773062418,0.2864146477476116,0.12499335724723856
reduce_sum,1024,9738562,1005094,7674587,438787,25,0.06736125534604463,0.11000878251576955,0.013216684593091436,0.13855166789992676,0.1252422176752332
reduce_sum,2048,10122556,4538025,7504687,467791,56,0.006369917360544588,0.08422502162392748,0.23474356869073823,0.03526532045856393,0.882619882589814
reduce_sum,4096,10137041,15370916,7902854,435113,26,0.06509250980325469,0.028496008849322317,0.17458550311501006,0.11346811749309502,0.17625291134445537
reduce_sum,8192,9692663,59369925,7219574,419118,25,0.08132103762247171,0.0012076668602659683,0.09613471741629216,0.09612605777770504,0.12059409723568001
argmax,64,10353574,30843,8683630,582640,43,0.023857291537300554,0.18726450903127503,0.13268899891848265,0.31045176444388434,0.5348837209302325
argmax,128,10108336,80971,9143325,499224,22,0.14195072281654286,0.09447384867239411,0.3350758248910543,0.08240607761498268,0.11268409604881716
argmax,256,9931909,381627,7652798,647358,21,0.10558426422248231,0.43864943507488213,0.0786618190494291,0.46321957305395933,0.16461958988832404
argmax,512,11939595,1306288,7195011,464454,26,0.20195959667237776,0.04715503839349727,0.09728016561808477,0.07135102688669251,0.28502101896703047
argmax,1024,9903700,4580861,7752215,624639,20,0.04323143377459443,0.11013056396280758,0.0859950648559032,0.2439141729787631,0.13228756555322954
argmax,2048,9867625,18782746,7843537,476836,21,0.05795385258088415,0.10411967452407495,0.19238730928837708,0.005629517838808684,0.05412658773652741
argmax,4096,9719685,71355691,8213844,517295,22,0.04824813683899193,0.09323732791492205,0.2781999306923941,0.1326442284228899,0.12026142323020866
argmax,8192,9806319,303195359,7878831,425640,20,0.04093283641505872,0.00040208073447146577,0.1858447629265397,0.11639604462621846,0.028394275533916023
global_average_pool,64,10967737,75588,10753476,1316406,101,0.06728072301004635,0.16294706984486496,0.17526210068597461,0.013149516343678613,0.06022537158711108
global_average_pool,128,10819929,242140,13342867,1334723,105,0.053600793140509334,0.0261422484702427,0.384404147117996,0.03419775196888473,0.061035764310082
global_average_pool,256,12385908,1013839,12299877,1332482,99,0.22952405812049265,0.1622377104506618,0.17850782902802165,0.011558975627502105,0.06372093271992525
global_average_pool,512,11637907,3475194,15734890,1397251,97,0.06342528161178458,0.007867955441053962,0.24998356727882412,0.09980589111299577,0.01186336169567724
global_average_pool,1024,11465413,14053091,12102220,1311779,102,0.0275662393550996,0.012846010251424476,0.14182397973011474,0.018826637035804016,0.04392126382619702
global_average_pool,2048,11591659,54492370,12048091,1469961,94,0.016946837222926434,0.008462307997544232,0.012388071705771386,0.2762914473396543,0.12268683611351912
global_average_pool,4096,11795731,214933183,13415807,1470403,99,0.03925806133393518,3.695158551385352e-05,0.1974982139576728,0.16971791073360978,0.053449521435648295
global_average_pool,8192,11711104,712164223,12463165,1307909,94,0.02373943865627897,0.008289496084843194,0.16916350917975972,0.015720310856489016,0.13786459120036543
not,64,12538110,2254,12885063,1007484,72,0.12283417166066304,0.2702059596120706,0.14924151916424108,0.002039979011042111,0.03192720382615442
not,128,11409475,3053,14044542,1200878,74,0.26295270191042164,0.1628988451430748,0.3733078133171395,0.3001114386169164,0.17834807460212657
not,256,10528512,6878,12385744,1019626,72,0.11663479865404142,0.07562811347273003,0.018079453959906414,0.012305220364194394,0.06364688465216445
not,512,16688061,44639,13856030,944061,81,0.3907260066402433,0.6300584148034506,0.20966366013261328,0.09556620836821822,0.2120084779734027
not,1024,9979146,76378,12094317,1084652,70,0.11596316411107256,0.03100870221117395,0.1453471114781166,0.14742768653102462,0.05150787536377127
not,2048,9852658,407087,17661520,1011928,80,0.01885180428278208,0.024075731200922906,0.4909407350651189,0.0031219281737196705,0.03119766295566425
not,4096,10284484,1974942,12200572,990146,100,0.02894403866553,0.006202133297174696,0.07920861700368258,0.13238089039567338,0.586120776070874
not,8192,9490920,7926548,13681298,1032670,65,0.0422957436579721,0.0018666395646151552,0.19246632169821765,0.10192585558851291,0.13304916164549396
average_pool,64,10597987,19144,16192700,1447491,92,0.015493100942133164,0.330211565878606,0.06836262117140408,0.12401812595930939,0.794117157260821
average_pool,128,10963783,33428,15886197,1427322,55,0.1225323190975448,0.22013137461986648,0.13835022122761348,0.1108586871589565,0.0655554777357089
average_pool,256,10147353,100750,15233595,1422798,46,0.060691305719702306,0.23169508680328654,0.004359728250066116,0.1521665839571867,0.13942300925673667
average_pool,512,10078983,347247,15324267,1391319,41,0.12578722903794579,0.06850212172231993,0.012215319903263343,0.10413132325830107,0.027936303347885116
average_pool,1024,10144072,1444976,15859178,1370473,45,0.011904767597754839,0.01094720706042642,0.08463518806596566,0.09993084093815453,0.06739081904346823
average_pool,2048,11595416,6996493,16794453,1612449,49,0.04702453346520157,0.047205179580593844,0.06315606820786673,0.22835421701090702,0.07358267909110182
average_pool,4096,11739291,24824139,15503077,1681332,50,0.06240756351070935,0.10356188516951578,0.021534307364310577,0.08213619228968429,0.0499989035448394
average_pool,8192,11562719,94250579,15370787,1417616,43,0.03897945181533366,0.05828152826235855,0.09186208277454617,0.1250206702284714,0.08127664151569512
prelu,64,9382183,35237,8507788,437453,17,0.05127606201283638,0.10459751145260349,0.16727197665740784,0.005433812719663666,0.1178301509131773
prelu,128,13613647,158959,7507396,623431,21,0.23032872361421297,0.29064900861030224,0.182747164287466,0.10703800612186742,0.21137108216357317
prelu,256,12475745,496678,7583349,756914,18,0.2276448569486944,0.10275424274995135,0.1865462759060296,0.5070405938433066,0.08331955809010619
prelu,512,10231132,1842088,7901964,579094,19,0.05905119268364717,0.012395484930402092,0.22553552598564794,0.08190629272099462,0.19582442571725084
prelu,1024,10740218,6848781,11383700,525132,21,0.01184065321796177,0.10367092212273898,0.5173161408345107,0.16374908362814378,0.12598815766974242
prelu,2048,10332245,25757990,7288745,614888,21,0.04084530316857558,0.09325495447357361,0.0665797959504193,0.3724187807431932,0.21821789023599236
prelu,4096,10430955,112951803,8657023,522821,22,0.05109985641774857,0.02916769831851619,0.16582786401327446,0.14860690688611222,0.02585150459058026
prelu,8192,10233191,413678234,8545679,640327,21,0.05207195909412705,0.10908508951877756,0.19510445217071376,0.3023342279883981,0.047619047619047616
range,1,11385920,9159,9589953,144600,20,0.18185256939817185,0.16694933338106527,0.5282875515265605,0.43528977478944786,0.1502483834411751
identity,64,9615301,2981,5964676,461813,23,0.06661861532353061,0.13530518808393072,0.14619182266324035,0.21931717275441623,0.06546536707079773
identity,128,9365664,3754,6857966,395088,22,0.032368641000255466,0.05553140706993857,0.005906257579767959,0.4345697608248298,0.11102697698927572
identity,256,10871153,14981,6489415,390457,23,0.1109183337344214,0.374061891481942,0.09735921622658034,0.16738696402262448,0.13043478260869565
identity,512,11770691,48187,7426584,571754,27,0.24429040626257506,0.013646054848796139,0.2452179933506476,0.6757462086226151,0.3533108153396095
identity,1024,10804280,376678,7052028,404350,23,0.027815055852637865,0.12396654006833478,0.29265522549939305,0.29599186088195906,0.11503266569846046
identity,2048,9949784,1655051,5874296,310266,19,0.09252516159300235,0.03511012810810409,0.008014537066727272,0.12966233749530048,0.07767077449077694
identity,4096,10714001,7541584,5880031,382980,21,0.09403394073786452,0.015409554179174218,0.003793878131084765,0.1275281894124992,0.07050116453778216
identity,8192,9995865,37638976,6635373,316656,22,0.013951354809872033,0.288269415093681,0.10256513695705735,0.1394154649584413,0.11102697698927572
scan,1,25698957,13625,22380288,186863,19,0.08994001683932719,0.029334900859613086,0.12041706838917328,0.08481420770306211,0.1392500690033995
reduce_max,64,13015301,29937,6061422,713702,44,0.18369460767481877,0.28327080671821914,0.06489499351548024,0.2888440623415722,0.9506745034024664
reduce_max,128,12029785,102463,8151957,463839,20,0.4373760484037143,0.3518079760293836,0.3918765135818668,0.17073459321309756,0.15
reduce_max,256,8941693,220777,6384332,446577,25,0.07915256635571723,0.10394654725375885,0.01321439103039143,0.24188127034654863,0.08217102629471576
reduce_max,512,11203261,914837,9513455,520328,20,0.20863758971627558,0.12388901421090778,0.46015280232538297,0.2144717590100118,0.0
reduce_max,1024,10199240,2980666,8877916,423643,31,0.20818115746998028,0.0015423402956694064,0.25045789706495347,0.17525997170280058,0.6179756148602586
reduce_max,2048,9033805,13026105,7141063,417789,20,0.08643945611210042,0.11230701973263481,0.06676890210400249,0.1356944718730201,0.028394275533916023
reduce_max,4096,9346879,48284821,8593559,389762,22,0.035070097398125624,0.002449111254503523,0.20172316180677827,0.054142619392186106,0.12026142323020866
reduce_max,8192,9682181,196103143,7191122,376136,20,0.07049320512274841,0.07118198234543914,0.0981459552165166,0.004959256560747475,0.027936303347885116
constant,2048,16196753,2720039,9370928,613014,35,0.37513187128443864,0.23473249374083618,0.3662603720209134,0.38499425019652755,0.05891507545658865
constant,4096,7694612,8705160,8701271,516332,43,0.05370881182721751,0.056719032550911735,0.04038137898911191,0.26438912331116665,0.05807564950208268
constant,8192,7418388,29915074,6693876,406439,36,0.059355487338056734,0.16028173075247978,0.12144129359952495,0.0650281793025533,0.04811252243246881
reduce_mean,64,8567471,12156,8886645,692420,42,0.026065406273275263,0.02673045230263267,0.0025345221853620777,0.014264332854439985,0.06765823467065928
reduce_mean,128,8894791,21417,10212893,795373,49,0.003141212207914127,0.0366853203577887,0.0327366312239361,0.2380838799095901,0.07358267909110182
reduce_mean,256,8629509,68756,9218387,683232,51,0.04287627697299772,0.058151611020251834,0.07395374314725245,0.019214117589566433,0.09803921568627451
reduce_mean,512,9239404,238861,11304143,724991,49,0.14715118742481276,0.045798098150069605,0.13813616610735135,0.05898023239385869,0.2305232717463781
reduce_mean,1024,8737105,930245,9259189,676072,45,0.046999969353186455,0.01196600077453793,0.05612622466032681,0.016920455312529063,0.0
reduce_mean,2048,9090058,3977422,9658439,697362,58,0.008830713226475129,0.026871948890983065,0.06464407289532481,0.01885705563105933,0.22808200957453367
reduce_mean,4096,8564399,15287584,12598526,708198,44,0.029076277830363477,0.012935793392208192,0.2862885572128595,0.024174900824832597,0.1292575229529013
reduce_mean,8192,8974457,59499418,9420579,795681,46,0.055068512080722616,0.0024765789888792273,0.1223488047435471,0.2616273752810692,0.10199602071048795
sigmoid,64,10193806,24724,8176300,499368,37,0.1442716871292277,0.14122052591397666,0.21135493733165728,0.16784622467881755,0.15048011791432492
sigmoid,128,11378708,128024,7795374,660461,40,0.014032604994073977,0.08613620835418209,0.01711209093739526,0.24306195739443123,0.0938662536495913
sigmoid,256,10540440,316657,7877967,451754,35,0.19184601038694493,0.05609679038527524,0.046641064363275975,0.11861369025540668,0.08571428571428572
sigmoid,512,12608078,1502623,9928384,432225,40,0.35185978849688204,0.4488776615619744,0.6601002508677359,0.11803080988772369,0.124790651822657
sigmoid,1024,8900583,4667733,7530530,557964,35,0.12194018734767452,0.0027949630267226516,0.22481119772963676,0.3890561448449324,0.1396098923297051
sigmoid,2048,9201000,17942460,7038035,524259,45,0.04013027223356072,0.10805280486016204,0.09255279766609419,0.16882579407486167,0.16259812049629396
sigmoid,4096,9352251,68207674,7397535,401666,37,0.07638849700563335,0.10276464902995568,0.09021844641435015,0.013106213398608567,0.06681269411744026
sigmoid,8192,10054957,288140673,7903830,392868,136,0.036295235795175615,0.001969901763392457,0.18427229234664833,0.0049346955741898695,1.055443948025736
constant_of_shape,64,10729490,4697,6695480,386216,42,0.18804846251490998,0.5242608576297983,0.16372176151478984,0.01124253396508814,0.12121893164047758
constant_of_shape,128,11470423,14961,5677871,529168,34,0.2225226635567299,0.4152863282890804,0.01762549040855574,0.2893828307455257,0.05094267081084933
constant_of_shape,256,8963174,31849,6911234,440374,37,0.08347408258221382,0.11071724866964876,0.10461179191199564,0.07503898626583191,0.09362436797669607
constant_of_shape,512,12399171,141536,6925026,413295,38,0.332824992343953,0.24143998047947166,0.1260449865095918,0.10577167636785077,0.13271383033052286
constant_of_shape,1024,8827080,527399,10099640,535147,40,0.018903286081866418,0.12281947182230328,0.15799264271053512,0.4723845157780811,0.186088103292524
constant_of_shape,2048,10339934,2053207,8117714,420695,38,0.033408892744634884,0.2200607091485313,0.251855866308938,0.10898368717644658,0.19752724681044428
constant_of_shape,4096,8928170,6862504,7526925,448430,40,0.0110252523143492,0.19495012939781767,0.22506037284647756,0.11028512923176949,0.13228756555322954
constant_of_shape,8192,8967091,24543673,9942006,423670,47,0.012255559270048746,0.0063973519696883694,0.517053111819755,0.10182489569218817,0.26398022500946683
less,64,10523787,3261,10407057,478415,45,0.016809537183083246,0.10742544026042229,0.4624486464504088,0.008926492802566029,0.2459665982893784
less,128,12383203,7922,7065907,407955,36,0.25927973967136486,0.2957172673790874,0.00837791267742768,0.025376639191351677,0.03149183286488868
less,256,13577739,39177,8034926,536746,38,0.24504722161561968,0.38404386326268747,0.11338900947986373,0.2053809555508325,0.1147078669352809
less,512,12046856,95104,7131823,543485,41,0.1453757803033691,0.1366715984050386,0.01667805657206857,0.10708007248964506,0.12195121951219512
less,1024,9812832,310625,7899237,472751,34,0.03331693457043505,0.14368828751757706,0.08482633842955109,0.2712878884304164,0.06726410903180105
less,2048,11190797,1909458,7522304,482687,37,0.05861649524923623,0.031966011063572886,0.09254674854689876,0.29219934356500776,0.10051165213805795
less,4096,10829973,7084221,8105937,440884,36,0.04657083474277852,0.030342480237689606,0.09712306446017477,0.1260471627591996,0.12297953871335167
less,8192,10714000,28301831,10422902,440587,37,0.12478162454043985,0.016928746927809706,0.45512196201886956,0.1683593486805384,0.02702702702702703
tile,64,13517466,24763,8113939,414782,17,0.4566745456537652,0.05518107853307555,0.2003174868954668,0.21930082437501014,0.03330866937632456
tile,128,9392251,66907,8667027,410304,20,0.02388889337288036,0.09146441279569167,0.5342170507760822,0.11974225497064828,0.15
tile,256,11847274,476935,7722791,345738,21,0.17135802234219485,0.38702581994939594,0.387000337008902,0.09239925734564575,0.3719166512336502
tile,512,10502044,952159,6513791,518787,31,0.17521541927232442,0.052115353211364325,0.09409104821536086,0.32591485389188846,0.6847461719895361
tile,1024,9699087,3438935,6329255,340494,22,0.0592441132428713,0.03793362353088191,0.10909473275787497,0.12686683471247828,0.21762718510218737
tile,2048,9599914,13640091,6447498,381606,22,0.09951213316140027,0.005455179463512415,0.10640805751266665,0.11673430562680778,0.21762718510218737
tile,4096,9110008,51270199,6007899,376406,19,0.08218150338761386,0.01799865815585868,0.028933692961058077,0.05979469643818922,0.11742717339450014
tile,8192,9075121,202748743,9524842,323117,18,0.034126019754509886,0.001689185154901573,0.5995120889888874,0.018237380947789816,0.08331955809010619
split,64,9889670,10570,7191925,439125,18,0.17488082170358843,0.03873453033290637,0.18492554247891613,0.2881579375258765,0.08331955809010619
split,128,15144781,11861,6805724,511096,22,0.2560744747410443,0.25813569234189937,0.011983154031287357,0.5772015942623441,0.10340601836232104
split,256,10442162,15782,5888733,539024,19,0.09910284542969279,0.05858617418328755,0.026175238982634776,0.29708135527268087,0.1392500690033995
split,512,11214918,34977,5797649,336826,18,0.34068908724958,0.054558890040408016,0.019199185188173894,0.10875170903878582,0.1469861839480328
split,1024,9620582,119309,6440207,438581,19,0.07455130106833768,0.07233128362135896,0.09043089390610941,0.5432403333771593,0.09116056881941459
split,2048,9355746,722603,6576979,340554,20,0.11371807094506987,0.03265239048180704,0.08965333866297065,0.108126173948825,0.2179449471770337
split,4096,9863851,3785783,6072624,341374,16,0.0735544881492944,0.0379652409584064,0.10731094273657205,0.10080684304103235,0.03464101615137754
split,8192,9643442,15035682,6493099,326295,19,0.04454815767133072,0.020965525344106443,0.08792898936795723,0.10292473873253291,0.1392500690033995
conv_transpose,64,13799556,11241918,33581773,3878791,820,0.17923786162701175,0.3230565701086581,0.033043883002292516,0.003880912511098906,0.20350764212296515
conv_transpose,128,12803577,33553971,32395395,3615095,756,0.07726986739230036,0.04704761436114286,0.059416944923343665,0.09759581033835962,0.0847696823810165
conv_transpose,256,12843402,120565328,30547929,3206030,716,0.06116169477959611,0.09790881762357657,0.03480039892008599,0.0028372970032041387,0.11042807070225179
conv_transpose,512,13761908,493541359,31447300,3687172,773,0.08719151463793161,0.10031100313389572,0.05515744723107682,0.09773170320128675,0.03821946752890149
conv_transpose,1024,12384927,1951441758,31235602,3203684,803,0.02374818877535018,0.09785626473567874,0.033388867474033954,0.004328527454970057,0.19827056564311354
conv_transpose,2048,12653182,7892470444,30363180,3320033,943,0.022839326441471332,0.06706727695868508,0.011972843751844492,0.05047609307268307,0.3098696155865182
conv_transpose,4096,13277729,29266320120,32709963,3228396,804,0.08012359323997509,0.002599344009689647,0.03542260336011354,0.01511232480656121,0.34283102875335675
conv_transpose,8192,33499179,118402324258,30298139,3243646,620,0.7157862678106005,0.015492779231838366,0.07766300596151858,0.017098994985635916,0.00744167908729915
less_or_equal,64,15137853,3825,7893554,474107,41,0.4860846162176864,0.38191473807124654,0.07812546053150285,0.14363519798777336,0.1847812780224129
less_or_equal,128,14780266,9488,7577559,470072,38,0.5353508102105905,0.3588056907401499,0.10734638114305475,0.1610378647386571,0.10452030735329433
less_or_equal,256,16553146,43460,7880199,560908,36,0.18104224530900573,0.17176015131156777,0.09130514556796687,0.24226095306114823,0.04204197885280587
less_or_equal,512,15028635,88471,12284841,921246,37,0.31483601137152956,0.03164636303232112,0.1002758099793385,0.34631679681320854,0.10825317547305482
less_or_equal,1024,11661207,516447,8245041,795857,33,0.07436727368633698,0.5003980196909983,0.1306148037213776,0.6740274952685069,0.06183166335047919
less_or_equal,2048,10946649,1821099,8226909,459525,36,0.11172665865546343,0.13608022909767364,0.008976250920057478,0.1206962538972417,0.0734930919740164
less_or_equal,4096,10622051,7235844,8080058,395957,47,0.0703146476264446,0.0634431881384497,0.09444866547865724,0.0028842852893471035,0.27164139010220645
less_or_equal,8192,12128376,28239532,7555650,440665,40,0.05024539307363874,0.02675363279298765,0.08373436208594198,0.18030384588852488,0.15612494995995996
loop,64,12957972,368508,5653568,186071,17,0.014319242262803579,0.9424979362853999,0.06999584751557189,0.07624097635478877,0.1178301509131773
loop,128,13110196,419311,6476026,192082,17,0.009863582897523173,0.09068554659776185,0.28643528229619347,0.011484910344956526,0.0
loop,256,12798619,2284329,5640894,181539,17,0.08424372222441921,0.3050595108007436,0.13169839792996874,0.08158163864384628,0.0
loop,512,11588160,6233371,6311793,165839,17,0.0818448841915796,0.11463585394425033,0.11811868541879599,0.004895244460440249,0.03330866937632456
loop,1024,11941296,23831390,6370640,174315,18,0.08641006660962719,0.03055713021279194,0.2765589319926239,0.09043075229310873,0.1469861839480328
loop,2048,13035679,91228370,5740680,175487,18,0.0797659032048322,0.03569133574243048,0.11286611934614207,0.08817168553798424,0.17533910474532646
loop,4096,12949101,376910644,5767931,166500,17,0.08388670297232508,0.03712421616030931,0.09207449776519999,0.16110480063457538,0.058823529411764705
loop,8192,10438037,1428293456,7291799,141032,18,0.13285492183766603,0.01185893099042823,0.2134902588318868,0.17277874731557485,0.15464739353293547
where,64,18324487,24301,7100380,399557,21,0.3253323253649661,0.25777555670719293,0.07594216230369226,0.14783875695534524,0.07050116453778216
where,128,10392391,31639,6790703,361416,21,0.06781821595435963,0.026030411675942975,0.009812202653407478,0.1814308178951346,0.047619047619047616
where,256,14937914,106734,7252428,563990,20,0.3562895139752203,0.04154514159491586,0.0649468903714677,0.5786301030769774,0.0
where,512,9882293,378610,7942232,439798,20,0.03710634734651616,0.011674812570440882,0.01485614692410942,0.25468204760779656,0.1555427542095638
where,1024,11949322,1571002,6846500,446826,22,0.09617810666341634,0.01769335394708074,0.13112653301416916,0.383062812223842,0.02585150459058026
where,2048,11227907,7707589,9027833,331669,19,0.08991733834527932,0.34784986570673904,0.14124916901093623,0.09537881598284574,0.107672379282731
where,4096,10794772,23349596,8398450,347363,18,0.10479342472865516,0.08501374163216908,0.17546129316904532,0.01229790303030705,0.11151782139997138
where,8192,10846073,87853221,7182874,384801,20,0.04903633061952816,0.00048256781022053546,0.05983634668867882,0.3105866874334339,0.1
expand,64,9737745,10740,7115376,600431,27,0.03309668748986962,0.02190376745257052,0.3098074767526856,0.5951743714106115,0.19598157859737708
expand,128,10144064,11651,5908438,334514,21,0.07553143887462598,0.09747208623881988,0.03071126030704998,0.12212734328048555,0.218114567365505
expand,256,13305924,30105,8936581,409484,20,0.32609093713642423,0.2630580900250844,0.5099251871569036,0.1405279119534523,0.13228756555322954
expand,512,9984095,67081,6467184,463969,22,0.10295421845171214,0.2634384274506372,0.07481315013598681,0.32347648750812097,0.09183820585879997
expand,1024,10490511,262957,6308428,367538,23,0.054734910474446695,0.08616082443336182,0.10969683784914185,0.06267290844545911,0.13776643944275652
expand,2048,10478405,1574109,9095490,454843,22,0.07297985348399327,0.016473894555645945,0.41556809111090065,0.4063710416280538,0.11268409604881716
expand,4096,10084998,7478193,7153534,394976,21,0.0585556994515243,0.0026959744169531077,0.23308697509696852,0.3197030783649774,0.16208698081311904
expand,8192,10311839,31008453,5859449,347011,21,0.07919323244253944,0.03069176607182791,0.006881437001691737,0.014856707797654708,0.16208698081311904
dropout,64,9465665,2758,8481200,651704,107,0.06516195336021284,0.18333187485832123,0.14088146795082684,0.3766052037755522,1.0118090399917523
dropout,128,11262709,9534,6601125,716588,42,0.17221769982238253,0.004923025677659465,0.006671666396408748,0.4999497253178893,0.06299407883487121
dropout,256,13400004,48291,8082213,760843,38,0.35368354493288057,0.17308695652184722,0.19096485131924332,0.5335770753420143,0.13271383033052286
dropout,512,11694892,150863,7525918,658045,41,0.17507440889121267,0.25943025732045144,0.0984809284090105,0.29094598130019794,0.027936303347885116
dropout,1024,9691337,536460,7671611,480189,45,0.08341856289927888,0.11019890649372777,0.19554359972599447,0.18605999573824977,0.07039161139410917
dropout,2048,10677187,2212350,7275365,479838,43,0.020878617290743598,0.19664904714189435,0.10656618442427161,0.01964485146973604,0.1669425724170054
dropout,4096,9794998,8690368,6534388,454191,43,0.04100734385354662,0.08532547813995287,0.10609302507244762,0.11158711965864156,0.06610880944919378
dropout,8192,9952049,32673305,6691528,481241,46,0.027817776880460346,0.02770882222661394,0.13899578559830097,0.036773833126115665,0.12460797176754511
max,64,11488261,5010,7447663,629271,44,0.057013238444670294,0.3538756131926135,0.08341394604401957,0.2520922940774795,0.07872958216222169
max,128,14495441,12623,7536229,597579,44,0.5691574138561727,0.2712078186206637,0.09913370742917797,0.26617603249722654,0.12330381822282319
max,256,12826949,37320,7290927,492289,53,0.14456836389875083,0.06551197070439169,0.076528500500071,0.0594258275426612,0.23148627519980403
max,512,16370552,181540,8306153,467919,46,0.1992249111865655,0.4263507440083484,0.019395559345902844,0.04377717956815734,0.10785477764672499
max,1024,10829824,604478,7536205,742512,221,0.03967913507320342,0.00337843196516144,0.082371502608245,0.6020632732035707,1.4186223975275647
max,2048,11047718,2773271,7111902,496434,41,0.039338991844491786,0.10817016607216538,0.010777275621447828,0.1888844315604014,0.036660605559646724
max,4096,11276643,11302105,7795240,450475,37,0.01634892195470882,0.09612196677303489,0.07244048825869213,0.10278807156454847,0.10825317547305482
max,8192,10790759,40140959,10357351,495928,38,0.0675891157576168,0.002785908230742887,0.07624286236387888,0.18489412761083113,0.0538361896413655
erf,64,9807054,19236,11627696,647008,38,0.04421765810655508,0.03599358126507132,0.6408098388444363,0.3642689654346546,0.19752724681044428
erf,128,11717346,83636,6923122,507449,40,0.22255072872289597,0.14437889237474597,0.0323133494908913,0.28444175485692247,0.125
erf,256,11523251,482215,7469822,685035,43,0.18328250975617866,0.6733522845028354,0.08692415787961572,0.0073766396453055876,0.06976744186046512
erf,512,13474444,1143243,9211238,664154,40,0.29657609557049114,0.1140147552980081,0.2536446372723502,0.35922936182036735,0.15939918613211496
erf,1024,10051489,4942939,7224882,473930,106,0.033735390673441536,0.0018945519117458279,0.10304880256064182,0.011137454710057062,1.0237545735924143
erf,2048,10630460,19717850,8555589,536719,43,0.06437677804841983,0.005702975643254721,0.21080315078985598,0.17487192610507102,0.06976744186046512
erf,4096,10221837,77165298,7638795,482460,45,0.028411048432655968,0.02753520791358897,0.08887983473489877,0.02499106423635013,0.05879447357921313
greater,64,14528262,3529,10984350,946317,48,0.22736226549747957,0.20344975830002043,0.2312833028662084,0.44720084228352747,0.04745344678270896
greater,128,15283111,10893,9864411,519426,74,0.24880575691160417,0.32271000463645594,0.1301941778725914,0.05081162400139152,0.584139460607461
greater,256,18938089,47196,11518559,837554,49,0.18026262288971098,0.3373300646242805,0.27124687326782154,0.5962785312333241,0.04649800825688261
greater,512,11049110,92043,7869564,515175,47,0.14578177455016592,0.06771655540096966,0.10504683962372334,0.061562127951154004,0.02127659574468085
greater,1024,11596708,344114,8354130,582284,46,0.03239158717504715,0.05295449766809156,0.14754610360489553,0.15094431770937905,0.1608332892742529
greater,2048,11525891,1713002,8156495,553419,54,0.10439074911192353,0.13089982370228523,0.06485817096707547,0.08039110201107817,0.3647725111776335
greater,4096,11181676,7927648,8232399,513337,63,0.06901807259522191,0.07365361945359407,0.1391988615320596,0.05906872701345954,0.34594436059846617
greater,8192,12833085,28194733,11019902,711277,54,0.0410154733925646,0.03307731669755572,0.19428677544495498,0.22955303921196954,0.18799452081036272
round,64,11089881,28064,7879828,484630,72,0.09327259572603791,0.12600027403255873,0.10085745059277856,0.03974568838975798,0.29532663539192844
round,128,11694272,110985,12174414,518861,159,0.12910647516290524,0.05151245893152004,0.24794779667594882,0.21956383206513322,1.2200771565229598
round,256,15118887,504930,9634969,691845,61,0.5299686806300475,0.2937874607794265,0.3178856378348357,0.5336886283642621,0.20914099591516871
round,512,9651827,1400836,7465784,415711,47,0.08396815753725678,0.11395857596234747,0.3343263682682195,0.08333610008190859,0.05279604500189335
round,1024,10469022,5111007,6457112,439203,58,0.02404000554739025,0.023874174407649423,0.19478699402392524,0.1731637687202512,0.29510288762686526
round,2048,10246398,20755118,6594535,440298,64,0.02333083874820177,0.030629522663278893,0.13726062788059978,0.1398227855473722,0.3251351882294502
round,4096,9755993,80498383,6074133,400757,53,0.07969645455454243,0.03230003683954595,0.08451302417779011,0.028447525634813023,0.12762861160413835
round,8192,10170413,332331498,6275628,397207,126,0.1072692603875424,0.0190113105425434,0.023489372529157983,0.02012500587047357,0.9861898932941756
ceil,64,12427174,11359,8301767,497305,52,0.37133217964444093,0.11760747304261766,0.4777105017772548,0.3437358355888751,0.15347285636686256
ceil,128,13413068,34107,13301504,830372,50,0.3853130155793576,0.3276930435237075,0.11926306078335827,0.23961517944325222,0.0499989035448394
ceil,256,11686009,100635,12022627,829279,46,0.14360630084795165,0.20787795085344846,0.08671055377318515,0.2820582392482441,0.22874982871344815
ceil,512,16117557,492552,13230462,704744,54,0.28309113853740064,0.1612970119829789,0.13674171650243333,0.3031472606093184,0.24359737018827046
ceil,1024,11243613,1445785,9506527,559349,65,0.07361733384839485,0.0026896575974439795,0.08836380849924953,0.17580662097000319,0.3607990993688702
ceil,2048,11123967,5579875,11163436,557781,77,0.07822965691172619,0.11662371258521503,0.32697324546179757,0.42289961906482276,0.5432703400865917
ceil,4096,10684185,21292267,7546800,469176,80,0.12606366611685962,0.12334498597395684,0.1578719706127629,0.11353632458707796,0.3151622308374933
ceil,8192,9994800,76273173,8416761,520923,53,0.053867126755544,0.09232493983949125,0.18527060421492444,0.021069234385642534,0.09433962264150944
reciprocal,64,16821106,5635,10907691,530887,47,0.2897209825113982,0.2502475692336023,0.27704379685229175,0.2301877383345979,0.35749408863371984
reciprocal,128,12519276,15609,10244927,771299,78,0.15840573737212316,0.32987654395141097,0.34777861306637214,0.6637554436101654,0.6029731290412742
reciprocal,256,18241975,77911,9673746,556371,45,0.30745515745998836,0.2940161037938489,0.12183743416520658,0.31439641763193454,0.2772762031127384
reciprocal,512,14206381,359066,11568687,1026940,58,0.13988906884531227,0.6201294379765561,0.32524668201612994,0.38933753257542614,0.3324227835525017
reciprocal,1024,11664510,654598,10371534,782081,46,0.12188311524604624,0.14861321016591125,0.2721674897960601,0.6462893524675571,0.021739130434782608
reciprocal,2048,10994370,2261952,8031224,556655,54,0.028561815529683645,0.11489407044535248,0.24962422703813753,0.11161178660628628,0.13971267362670245
reciprocal,4096,10716770,9403218,8259417,625930,52,0.058105055003173305,0.07484742693606575,0.05588019414755475,0.2559895719734416,0.1775459855384249
reciprocal,8192,10997742,36885469,8221672,534946,90,0.1431000074247091,0.06748812835879779,0.10382610355198212,0.05659389332824795,0.3873484305649493
lrn,64,22464722,178183,33675282,3909787,274,0.3270064282370141,0.1999510887773574,0.015464204922417115,0.1302519435212778,0.5946073260324214
lrn,128,16087064,552564,33379501,3250732,374,0.16948475726260476,0.13656195670195614,0.08561499020871668,0.09052777040266155,0.5751351017399995
lrn,256,18728270,2064409,36724397,3258699,121,0.2677271068980708,0.028353505041008663,0.13120307901352937,0.1048544874406258,0.42241564651414865
lrn,512,15825161,8542310,42880973,3522257,272,0.2962788318795739,0.07340989348061908,0.37225043829885696,0.016311771339424682,0.6558897460387108
lrn,1024,17090315,33767079,39286358,3816888,427,0.4478143781878564,0.033760293413188605,0.2617683569077064,0.15705755356905848,0.7467311443913864
lrn,2048,15695046,137777872,35679226,3253346,265,0.1747387401863502,0.047365090545484954,0.16058399704093734,0.11111010223373555,0.8307802352107343
lrn,4096,13995624,488233720,32384518,3146015,169,0.10437811201813187,0.06266194177747458,0.17317280496173162,0.16080005624216903,0.5415175080109811
lrn,8192,12772130,2139941335,32402790,3066086,259,0.12492348655714242,0.036450948203376,0.08775193475277678,0.10963214424664512,0.35797198975428657
constant,64,13809316,14089,8313052,512630,85,0.22562424587923777,0.4591786642363024,0.07048579520455654,0.07256466434357857,0.5770021824522742
constant,128,14021940,23243,11495855,694398,57,0.20823668321409153,0.43327660640194043,0.25465943817765935,0.3571798128489537,0.32868410517886304
constant,256,12690454,56939,7617254,609545,59,0.35187094600122265,0.33905991276449104,0.08042276376814156,0.25270932207141694,0.32292472683487544
constant,512,14904048,177046,8900394,715331,48,0.19691833057048183,0.26438530009872957,0.038583646945890386,0.2538960711936832,0.0
constant,1024,10957080,598533,7092079,506883,2781,0.1488758079234915,0.5076230859255704,0.12110843985213775,0.017927369498712625,1.6918909637453408
erf,8192,11220108,286648537,7557407,469342,50,0.06778897351593027,0.08238001320133985,0.04928688657414444,0.14023704360328057,0.1268901415920126
